[{"id":"TASK-1","content":"დესკტოპ რესპონსივ დიზაინის დამატება - ფართო ეკრანებისთვის max-width გაზრდა და გრიდების ოპტიმიზაცია","status":"completed","priority":"high"},{"id":"TASK-2","content":"მონაცემთა ბაზაში user_roles ცხრილის შექმნა role ველით (super_admin, moderator, pending)","status":"completed","priority":"high"},{"id":"TASK-3","content":"ადმინ პანელში მოდერატორების მართვის UI შექმნა - მოწვევა, დამტკიცება, კოდის გენერაცია","status":"completed","priority":"high"},{"id":"TASK-4","content":"i18n სისტემის დანერგვა (react-i18next) ქართული და ინგლისური ენებისთვის","status":"completed","priority":"high"},{"id":"TASK-5","content":"ენის გადამრთველის კომპონენტის შექმნა header-ში აიქონით","status":"completed","priority":"high"},{"id":"TASK-6","content":"ყველა UI ტექსტის თარგმნა ორივე ენაზე","status":"pending","priority":"medium"}]